﻿<?xml version="1.0" encoding="utf-8"?><bwFonts xmlns:xsi="http://www.w3.org/2001/XMLSchema-instance" xmlns:xsd="http://www.w3.org/2001/XMLSchema" fontfactoryurl="story_content/FontFactory.swf"><font id="00" name="Open SansBold Charset1_ 5y7S9byv6aU"><glyphs><g i="0" c="89" charCode="89" p="%^ODvlwH9eBL9eGF3pGF$vWB$vWBap$v9e5A9e" /><g i="1" c="111" charCode="111" p="#^WA9pWAbrABesfCgtLDgtfFgtUFesyGcryG9pyG7nUF6meF5lKD5leC5lAB6mWA6nWA9p^mK9pmKusBInuRGfwIDfwKBfweAovKyxuWxWs7xir7x9p7xPlSyYjCA5iND5iLF5ifHYiLIOjyJplmK$mmK9p" /><g i="2" c="117" charCode="117" p="#^DH$v%7Hgu%XGgukGdveFKv8EfwKCfwkAfw5zZuTxGtTxfr%Txmi%CBmi%CBkqCBPr7CysFChtODhtnFht3GesMGbrMGNo%MGmi%uKmi%uK$v" /><g i="3" c="32" charCode="32" p="#" /><g i="4" c="109" charCode="109" p="#^aK$v%sG$v%sG1osGzmYFQlsF4loE4lZC4ljC7mGBanGBAp%GB$v%Yx$v%Yxmi%OAmi%iB5k%vB5k3C9j5DDi7E5itF5ixI5iDJ5k%YJ5kvK8jzLDiEM5i_N5iiQ5iuRhjGStkGS5n%GS$v%XO$v%XO1oXOzmrOQlYN4lUM4lxL4lRK3maK1naK9p" /><g i="5" c="115" charCode="115" p="#^tHYrtH2u$F9vyEfwFBfw9Afw6z2w3yRv8xsv%8xosbyTsuzctNAxtMBxtODxtODmsODWrxDFrgDnrBC1rXBGqRAcqgzypxy_oOxqosxIn7xZm7xVl7x5kxy5jXz5ixC5i$E5ikHaj%cGSlaFqlhE8loDSktCSkQASkQALlQAfmmBDmUB_mGDInhFmo0GWoMGtp6HcqtHXqtHYr" /><g i="6" c="116" charCode="116" p="#^IDhtHEht2GSs%2GDvFEfwDCfwoAfwnz7vmy$tmyKr%my9l%Aw9l%AwAj%Dyki%Izsf%4Csf%4Cmi%VFmi%VF9l%4C9l%4CKr4CxswCVsZChtIDht" /><g i="7" c="99" charCode="99" p="#^vDfw7xfw7xfp7xMlSyXjBA5iQD5icG5i4I0j%_GVl5GylkFklAE5lQD5lWA5lWAdpWAetQDetVEetPFYsKGFsFH2s%FHevLGPvQF1wVEfwvDfw" /><g i="8" c="112" charCode="112" p="#^sFfw2DfwGBvu%uBvuGBcwGBuw%GB$B%Yx$B%Yxmi%_Ami%vB7k%GB7k_C5iyF5iZH5ikJZjIKQlIK9pIKlr3KYsqJzueIpv2HfwsFfw^mE4lZC4lkCXlIBNmGBKo%GB7pGBkrkChs_CetpEetVGetVG6pVG5nhG5mGF4lmE4l" /><g i="9" c="108" charCode="108" p="%^GB$vYx$vYx$cGB$c" /><g i="10" c="101" charCode="101" p="#^CDLkqCLkLBvl4Bfm_ADn%cGDnaGfmtFvlNELkCDLk^7EfwQAfwZyru7xCs7xhp7xRlQyZjyA5iAD5itG5i4ILjHJolHJio%HJ6q%UA6qYAIrQBBsJCutiEutxFutDGetKHZsWIps%WIhvYHNvQG0wJFfw7Efw" /><g i="11" c="104" charCode="104" p="#^zK$v%QG$v%QG1oQG4lEE4l3D4lmC8mGBcnGBAp%GB$v%Yx$v%Yx$c%GB$c%GBTgGBkhBB$i%vB5k%IB5kYC5iFF5i3I5ijJojzKHkzK5n" /><g i="12" c="113" charCode="113" p="#^CDkt1FktHFwslGIrpGGp%pGdppG1nJF4m2F7lyD7lWA7lWAfpWAirABjseCktCDkt^hCfwSzfwuyou7xxs7xcp7xSlwy_jWz5imC5iED5iCEBiAF4jjG5k%pG5k%KGmi%UJmi%UJ$B%9G$B%9Ghw9GxvjGeu%9GeuyFdvzEKvADfwhCfw" /><g i="13" c="105" charCode="105" p="#^OxQeOx$cQz$cRB$cRBQeRBHfkBagQAFgQzFgOxFgOxQe^GB$v%Yx$v%Yxmi%GBmi" /><g i="14" c="110" charCode="110" p="#^zK$v%QG$v%QG1oQGzmiGQlNF4lEE4l3D4lmC7mGBanGBAp%GB$v%Yx$v%Yxmi%OAmi%iB5k%vB5k7C6jdDCijE5iIF5i5I5ikJojzKGkzK5n" /><g i="15" c="98" charCode="98" p="#^yF5iZH5ikJ_jIKTlIK9pIKxshJouTHfwsFfw2DfwGBvu%qBvu%OA$v%Yx$v%Yx$c%GB$c%GBqhGBgixB7k%GB7k_C5iyF5i^mE4lZC4lkCXlIBNmGBKo%GB7pGBkrkChs_CetpEetyFetdGbsVG7rVG6pVG5ndG5myF4lmE4l" /><g i="16" c="102" charCode="57344" p="#^vF9l%hC9l%hC$v%yy$v%yy9l%vw9l%vwmj%yymi%yymhyy1fHzYdRATcnDTcjFTcPGsd%SFbgKEQfNDQf_CQfDCighCMghCvh%hCmi%vFmi" /><g i="17" c="114" charCode="114" p="#^AF5ikG5iQGci%yGHl5GAlsFAlGDAlGCvmGBpnGB2p%GB$v%Yx$v%Yxmi%MAmi%kBEk%vBEk8CvjdDOiiE5iAF5i" /><g i="18" c="103" charCode="103" p="#^QJli%QJek%IHNkhIIlhIRmhI2pLGhqdFvrvCvr%QBtr%hBprIARrIAnsIAbtLCbt%4FbtjHbtuI9uGJ6vGJZwGJmzGHGAHF$BYB$B5z$BAx$A4w0A4wdy4w_wRw9wCxkv5zZuxyKu5ybuGxDtGx$sGxds7yIrAybrrzHqmydqJxcp5xao5xMm5xxkyyjj$z5iIC5ihD5i3EciREii4Fli^izXxizIy1A8zMAAz6CAz6EAzeF1znGuynGxxnGLwIFsw1FawDDaw%IBawGAaw_zFwiz8xizXx^FAQmFAXn9BBoGBepICepLDepeEBoKEXnKEQmKEmkICmkFAmkFAQm" /><g i="19" c="46" charCode="46" p="#^qxfuqxdtZxIsxyasAzasBAas8BJsIBftIBfuIBdv8BNvAAkwAzkwyykw_xNvqxevqxfu" /><g i="20" c="69" charCode="69" p="%^wI$vfy$vfy9ewI9ewIfh1Cfh1Cal4Ial4Igo1Cgo1CTswITs" /><g i="21" c="121" charCode="121" p="#^$vmi%4Ami%FC1q_C1r6Dps%aDpsjD8rID1q%eGmi%dKmi%sELxFDTzbCXAJA$BLy$BNx$BSwOB%SwRyxx$yjy$yjz$y2AoyNAOxcBAw%qBVv" /><g i="22" c="97" charCode="97" p="#^CG$v%UF9u%OF9uSElvSDOvTCfwgBfwjzfway7v2x$t2xXr2xMpzyKo5AIn9DBn%wFwn%wFWmwFRkoDRkMBRkyzQl%jyjjGA4iyD4ihG4iLHhjdJtkdJVm%dJ$v^wFHp%4EKpsCNpFBkqTASqTAYrTAxtGCxtZDxtKEOswF2swFPq" /><g i="23" c="384" charCode="57345" p="#^vF9l%hC9l%hC$v%yy$v%yy9l%vw9l%vwmj%yymi%yymhyy1fHzYdRATcnDTcjFTcPGsd%SFbgKEQfNDQf_CQfDCighCMghCvh%hCmi%vFmi^uHQeuH$cwJ$cxL$cxLQexLHf0LagwKFgwJFguHFguHQe^mL$v%EH$v%EHmi%mLmi" /><g i="24" c="100" charCode="100" p="#^hCfwTzfwvyou7xws7xcp7xRlwyZjWz5inC5iYE5ijG5k%rG5k9Gzi9Gnh%9G$c%UJ$c%UJ$v%1H$v%jGeu%9GeuTEfwhCfw^ADht0FhtGFsslGDrpGDp%pGeppG1nJF4m2F7lwD7lhC7lABbmUAenUAfpUAgrABhshChtADht" /><g i="25" c="119" charCode="119" p="%^aJ$v7IerIGclDGcl7E$v7A$vfwmiYzmixBpo#VB0qiCTsnCTs#qCYrOCXp$CVoHEmiNImioKVo#rKapxKIp#EKdqKKPq#RKprWKZr#$Kxs0LTs4LTs#bL$rtLtq#LLXoTLpowNmi9RmieN$v" /><g i="26" c="58" charCode="58" p="#^qxfuqxdtZxIsxyasAzasBAas8BJsIBftIBfuIBdv8BNvAAkwAzkwyykw_xNvqxevqxfu^qxakqx8jZxDixy5iAz5iBA5i8BEiIBajIBakIB9l7BIlzAfmAzfmyyfm_xJlqxalqxak" /><g i="27" c="87" charCode="87" p="#^DP$v%kL$v%VIDmMI7mrIzk7I_i4Isi$H6jIHAkqH1mfHFm%RE$v%yA$v%$v9e%Jz9e%$BUnCCBqTCzsYCTrcDqqtDYoID9o%iG9e%TJ9e%uM9oFMQoVMcqaNAriNzsqNDrHNcqYNNoaOUn%sQ9e%aU9e" /><g i="28" c="107" charCode="107" p="%^xBAo9DvmZGmiaLmiLFhovL$vcH$vhDtqGBLrGB$vYx$vYx$cGB$cGBuluBAo" /><g i="29" c="385" charCode="57346" p="#^vF9l%hC9l%hC$v%yy$v%yy9l%vw9l%vwmj%yymi%yymhyy1fHzYdRATcnDTcjFTcPGsd%SFbgKEQfNDQf_CQfDCighCMghCvh%hCmi%vFmi^bP9l%ZL9l%ZL$v%eI$v%eI9l%bG9l%bGmj%eImi%eImheI1fnJYdxKTc3NTc$OTcvQsd%yPbgqOQftNQfGMQfjMigZLMgZLvh%ZLmi%bPmi" /><g i="30" c="63" charCode="63" p="#^nz4q%nzapnz$nTz8nnAgmIBhl_CnkoDOjODdjODwiODJhcDjhDCUgABUgLzUgpx5i%4wqfOyUdRBUdmEUdRF6fkHjgkHkikHGjJGFk6GDloERmdDInVC9oCCCoCClp%CC4q^_yfu_ydtxzIs4Aas7Bas8CasHCJsfDftfDfufDdvHCNv7Ckw7Bkw5AkwxzNv_yev_yfu" /></glyphs></font><font id="10" name="Open Sans Charset1_ 6gPFGAdwmsW"><glyphs><g i="0" c="79" charCode="79" p="#^XN3nXNlrMLOtCJfwLFfwPBfwGzRtxxqrxx1nxxGiGzhgQBTdNFTdDJTdNLkgXNMiXN3n^Jz3nJzHqgBzsPCruLFruJIrueKAsLLIqLL3nLLsjeKBhKIKfNFKfPCKfgBChJzujJz3n" /><g i="1" c="75" charCode="75" p="%^lL$vVI$voClnxA$oxA$vsy$vsy9exA9exA$mDI9e4L9eUDVl" /><g i="2" c="89" charCode="89" p="%^$C4nLH9e$J9e2E4p2E$vXB$vXBap$v9egy9e" /><g i="3" c="101" charCode="101" p="#^ODfwQAfw6zsupxEspxqppxbm$yhkBAnihDniOFnifH1kJIHlJIoo%JIGp%vzGpzz1sHAgtQBuuTDuu1Guu9IAt%9Iov4HRv6G2w9FfwODfw^fD4kEB4kGA7lJzamyz1o%yG1oyG6mHF5lRE4kfD4k" /><g i="4" c="115" charCode="115" p="#^NGmsNGduoFev$DfwuBfwPyfwkxpv%kxwtiy0uoziuvAAuxBAu6DAuZD4uQEztQExsQELr8EbrtDDqvBTpEzapRyFo3y8oGxunixQmixVlixgkDykjYznigCnirEnivGfj%NFVkMD4k7C4kHA4kYzxkdz_kdzMldzjmuzHmMz3nnApn_ALnJCoo6FgpXF8qNG0rNGms" /><g i="5" c="78" charCode="78" p="%^oM$v0K$vgA1haA1h#nAFjnASlnA$vsy$vsy9eOA9ewK4tDK4t#BKKsvKYq#qKapsKoosK9eoM9e" /><g i="6" c="111" charCode="111" p="#^HJipHJAs1IquoGfwuDfwIBfwjApvWyzu9y_spxprpxippx1m1zckGAniADnioGni1IfkHJ6mHJip^vzipvzSrwActyByuyDyuxFyuzGdtBHTrBHipBHLmzGqlxF5kwD5kxB5kwAplvzImvzip" /></glyphs></font><font id="20" name="Gill Sans MT Charset1_ 5jeeMNZW7E9"><glyphs><g i="0" c="67" charCode="67" p="#^AM2s%AMKuUJcwnGcwwDcwwB3vxzVtnyUrdxTpdxxndxPjTzhhxCKeqGKe6JKeoM7g%oMLipJ2hyG2hDD2hHBViLzLkLzxnLzlqFB9szDYtxGYtDJYtAM2s" /><g i="1" c="80" charCode="80" p="#^Lx$v%LxWe%9DWeBFWe2HfgvIzhvINjvIhlLHrm0HAnJF5oqECo0CCo%cACo%cA$v^JC5h%cA5h%cArm%TCrmmErm9FKlZF1lZFJjZF5hJC5h" /><g i="2" c="82" charCode="82" p="#^Yx$v%YxYe%eCYePEYekGegSHwhSHIjSHbl6HhmnGmnZEUnOFroAGmpmHhqNIBsGJ2ucKNu%6L$v%cI$v%sHTuqHPujHGu%RG$t%4GLs%gFqrwEnqTDLpfD7pKCSoeCAo1BAo%oAAo%oA$v^7B1h%oA1h%oApm%jBpmaDpmSD5mzEMlXE8lkFvkkFGjkFTiUEditEzhHDihWC1h7B1h" /><g i="3" c="32" charCode="32" p="#" /><g i="4" c="101" charCode="101" p="#^8HAq%fzAqkzbskA8tkB5uUC5u4F5uXGKs%XGVuVFBvVEUvVDawyCawIAawyzpvpyEuJxlt1x1s1xkq1xMnuy9mXzykfCykuEykPF6m8HGn8Hiq^izfp%XEfpSEWn8EcnrDtmfCtm2BtmhAcnxzWnizfp" /><g i="5" c="102" charCode="102" p="#^QxMk%Qx5kQxoh_y3g8AKeLBKerCKeoDYe%oD7hSCXgmCXg3BXgyAEh2Aki2A5k%2AMk%2CMk%2CMm%2AMm%2A$v%Qx$v%QxMm%dwMm%dwMk" /><g i="6" c="114" charCode="114" p="#^YzMk%Yzln%4A8nHBykjDykzEykXFPl%MEMnBDGmCCGmxBGmKAInYzJoYz7q%Yz$v%Jx$v%JxMk" /><g i="7" c="115" charCode="115" p="#^0xcv%0xPsYxttXyTtWzhuBAhuiBhuOBXtiCBtiC7tiCEsZBjsFB_rAAnrqyaqLxkp5xuo5xun5xbm5ynl6zykIAyklCyk4Etl%4EGn6CtmRAtmcAtmOzLmpz0npzunpzTnMzeo7AAo1B4p%PBxpDE7rDE2tDEruyDkvtCcwMAcwMzcw_y$vcyNv0xcv" /><g i="8" c="104" charCode="104" p="#^xxYe%LzYe%Lzem8BykcDykkEykdF6l6GGlxGFmZGEnZGCp%ZG$v%LE$v%LE2pLEPn8E3nyDjmzCjmQBjmaBHmxA3nLzYn%Lz$v%xx$v" /><g i="9" c="84" charCode="84" p="%^qwWeFKWeFK5hJE5hJE$vgC$vgC5hqw5h" /><g i="10" c="97" charCode="97" p="#^DEfp%DE0uDEBu0FBuqFBuhG$t%hGlvwFRv2F0wBEcw5EcwFCcwpC3v$AawpzaweyawsxpvGwDuGwstGwosrxzrcyJqBzdq%rCfp%rCForCDmpADmByDmTwvo%Tw4mayykBAykqCykwDvlTDOlaEjmtEPmyEknDEQnDEfp^rCNt%rCsq%YA1rPztrlzXrTyosTy3tTyMtjzcuMzEutAEuxBEurCNt" /><g i="11" c="105" charCode="105" p="#^Ky2ghz2gGzqg3AOg3Amh3AUhGzhihzGiKyGidyGiQxhirxThrxmhrxRgQxsgdy2gKy2g^DxMk%RzMk%Rz$v%Dx$v" /><g i="12" c="110" charCode="110" p="#^OzMk%OzcmhBykaDykdEyk7F5l1GElvGBmZGxnZGAp%ZG$v%LE$v%LECpLEUndE9nIDpmtCpmUApmOz_n%Oz$v%xx$v%xxMk" /><g i="13" c="103" charCode="103" p="#^$wEo$wSmjyPlDzMkUBMk%wGMk%wGvm%fEvmVEan9FJnqFgoqFZoqFSpWEIqqEyrDD$rRCss2BJsNzVsNzBtNz_tfAeuJAuuZBLu1EcvDEtvdFJvHFbwvG$wvGdyvGPz4FMAFDJBhBJBTyJBrxLA$vOz$vby$vVvPyfvHxxuHxQtHxhtayRsFypstzcs$w5r$wEo^aBHmgAHmDzin$yVn$yMo$yDpDzcqfAMqbBMq8CMqMCbqoDCpoDKooDSnLChn7CHmaBHm^FAwwxzwwPy_w5ytx5ydy5yYzdBYzICYzwDwzkE4zkEiykEvxiD$whCwwFAww" /><g i="14" c="111" charCode="111" p="#^XCLkwFLkcHpmVI3oVIzqVI_sbHButFcwRCcwjAcwCyAuWwXsWwvqWw1oEyommALkXCLk^QCLmdBLmbAOnazRoaztqaz5sdA6tgB7uWC7uyE7uBF5tEG3sEGsqEGRoyFOntELmQCLm" /><g i="15" c="116" charCode="116" p="#^$vym%aAri%aAMk%JDMk%JDMm%aAMm%aAhsaAcuMBcuZCcuiEqt%iEuv0DcwvBcw_zcwZyjvFy2vryJueynu5yQtYxhtYxLr%YxMm%$vMm" /><g i="16" c="99" charCode="99" p="#^$Fot%$FAvkEcwKCcw5AcwwyEuYw4tYwsqYwOnuyam0AykvCyknDyk3EJkLETkMFkl%MFIn4EDmECDm8BDmaAHnczKocznqcz5sfA6tiB7u3D7ulE7u$Fot" /><g i="17" c="73" charCode="73" p="%^VxYelAYelA$vVx$v" /><g i="18" c="46" charCode="46" p="#^KyhtmzhtOzJteA8ueAMueAnvOzOvmzcwKycw6ycwGxOvfxnvfxMufx8uGxJt6yhtKyht" /><g i="19" c="83" charCode="83" p="#^5CSo%fAKnvyGmMxEl1xCk1xgj1xfhqy$fQzKe3CKebEKeZFXf%ZFIi7EXg0CXgPAXg2Avhhz2ihzVihzGjRzlkqA$kGBKl%xDRmEGIoEGBrEGEtgFWuUDcwIBcwbzcw6xEu%6xyr4z2uGB2uQC2uADptlEMslEPrlEgq5CSo" /><g i="20" c="77" charCode="77" p="%^rLYeJNYeJN$vgL$vgLKi0GkpzFkpgAKigA$vQx$vQxYe9AYeOFYl" /><g i="21" c="112" charCode="112" p="#^qxJB%qxMk%jBMkiEMkYFgmDHLnDHqqDHYs2GAuuEcw3Ccw$AcwHzKv%HzJB^gBRm%HzRm%HzMtIAhuQBhuoDhunEctnF6snFoqnFipVEsorECnDDenPCRmgBRm" /><g i="22" c="108" charCode="108" p="%^DxYeRzYeRz$vDx$v" /><g i="23" c="117" charCode="117" p="#^KE$v%KEzu1Elv6DNvcCcwiBcweAcwlzGvsy8v_xeuxxjtxxcr%xxMk%LzMk%LzarLzXsfAEtMAlu1CluDDluKEOs%KEMk%YGMk%YG$v" /><g i="24" c="78" charCode="78" p="%^rLYeLNYeLN$vFL$vfATifA$vYx$vYxYeXzYerLbs" /><g i="25" c="107" charCode="107" p="%^UEMkxHMkKCgqvI$vwF$vUzhq^AxYeOzYeOz$vAx$v" /><g i="26" c="76" charCode="76" p="%^TxYejAYejANt$HNt$H$vTx$v" /><g i="27" c="109" charCode="109" p="#^NGRn%NG$v%yE$v%yELpyEUn2E9nyDpmiCpmCBpm1BKmsA2nIzRn%Iz$v%ux$v%uxMk%IzMk%IzfmpByk0Dyk9FykkGAm6Iwk2KwkHLwkKMJlONVmONmp%ON$v%AL$v%ALlpALXn$KcnrKsmmJsm_HsmNGRn" /><g i="28" c="100" charCode="100" p="#^3FYe%iHYe%iH$v%yC$v3A$vAyqu5xRs5xcq5xJnEy7mcAwkDCwkLDwk3F_k^3F5u%3FZm1ErmZCrmjBrmkAxnlzColztqlzcscA8tIAIthBVtSB5ulD5u" /><g i="29" c="86" charCode="86" p="%^GIYe6LYeVD4wkD4w$vYesyYeBDWq" /><g i="30" c="57" charCode="57" p="#^GAcw%azru3BetuCxrVDQpnE1odDLoFBLoIzLoiyinVwRlVwPjVwHhoydgUzKe1CKesEKe_FugxHdixHYkxH3oBFerGDouGAcw^SEBl$EDk$Ekk$ESiaEWhmD_g3C_gTA_g5ANhkzAikzNjkzUkaAIl0BvmbCvmyDvmSEBl" /><g i="31" c="49" charCode="49" p="%^2BYeuDYeuD$v2B$v" /><g i="32" c="52" charCode="52" p="%^TEKeTFKeTFioNHioNHnqTFnqTF$vvD$vvDnqhwnqhwkp^vDiovDmjyzio" /><g i="33" c="53" charCode="53" p="#^xyYe%5GYe%5G7h%LA7h%LArl$AplhBplLDpllFWmYGqoYGLqYG9tnFGuODawhBawczawfxav%fxGs5zStRAStoCStqDZstE3stELqtEppkDvocCAnvAAn3zAnxyQn" /><g i="34" c="54" charCode="54" p="#^GDVe%VDKe%oFBgrDSh8CmjSARkaASmxB9mTC9mTE9mfGBnEH0pEH5rEHdt8GJuEEcwvCcw5AcwCywu7xQs7x5q7x1oUx$lFyZj4AciwBqgGDVe^EznpyzYpyzFqyz5snA1tdBYtwCYtHDYtsEatdFnsdF9rdFXppEapBDpogCpoABpo0BDotAQoEznp" /><g i="35" c="55" charCode="55" p="%^dxYefIYeyAcwmyhvBEhhdxhh" /><g i="36" c="58" charCode="58" p="#^DydtfzdtHzGt7A6u7AKu7AlvHzNvfzcwDycw0ycwAxNv8xlv8xKu8x6uzxGt$xdtDydt^PyykrzykTz_kkAqlkA2mkAFmTz5nrzxnPyxndyxnNx5nlxFmlx2mlxqlMx_kcyykPyyk" /><g i="37" c="43" charCode="43" p="%^gC6tgCcooxcoox9mgC9mgChhlEhhlE9mdJ9mdJcolEcolE6t" /><g i="38" c="51" charCode="51" p="#^vA4m%EA4mfC4m4DqlWDMkWDvjWDni6DGhiCYgZAYgEzYg0yNh%0ysfvzIegBIeDDIe_EXflGahlGjjlGCkPFvliFnm9E$m9FpnCFZn4GxokGlpBG8qBG2rBGht5FLuCDcwlBcwpzcwBxgv%BxCswzPtlBPtACPtkD4t4Els4E8r4E7qsDmp5DXoECKocCxoJAmo%vAko" /><g i="39" c="50" charCode="50" p="#^aBEt%FHEt%FH$v%Sw$v%SwQv%UxDuiAErJBAp8DvnADrm0Enl0Elk0EVibD1inC9h0B9h_z9h_yMh$xnicxuj%cxmgbzKejBKeyDKe_EegrGJhrG$jrG1l4GcmJFmnOEToUDoqHB0t" /><g i="40" c="64" charCode="64" p="#^mINiIKNi1M0l%sM7j%FO7j%IMasxMZsxMctxMytMMOt0N1unN1uaO1upP0tEQ_rmRsq4SVo4Sfn4SYjAPLh5NyfmJyfYEyf3Cxiazwlaz4qazxuYB_wKErzLJrzIMrzVOryKP2yDQrxwRQwhSNv%uUNvMTfx3SBynQXzmOzAlMcBIJcBYDcBEAhylxnvlxjqlxPmZyNjCALghDgfZFNduJNd1ONd_QugXTajXTknXTupTSwrQRyt6QOuoO1wzM1wkL1wOKBvhK8vaK$tmJYunIuvpH$vsG$vzE$viDru1CTs1Czq1CEoXCQmRD$kjFUjOGNimINi^hELqhEgs0FftMFeuVGeuBIeuYJlsjLsqjL4ojLumxKwlMJykvIykSGykzFsmhElohELq" /><g i="41" c="79" charCode="79" p="#^fGIecKIeQMchsPIjsPunsPfrOMKt9Kcw6GcwgCcwHzKt7xfr7xxn7xIjIzchiCIefGIe^lG0hqD0hxBSiFzHkFzxnFzhqyB7srDYtgGYt7JYt1L5sXMdqXMqnXMJk1LTi7J0hlG0h" /><g i="42" c="120" charCode="120" p="%^lFMkaIMkzDiqvI$vFF$v8CZrOy$v$v$vKAiq$vMkOyMk7CDo" /><g i="43" c="121" charCode="121" p="%^tEMkYGMk0zJBxwJBlABt$vMkxyMkzB6r" /><g i="44" c="118" charCode="118" p="%^sEMkSGMkWBcw8Bcw4wMkwyMkxBHr" /><g i="45" c="66" charCode="66" p="#^FD$v%Tx$v%TxYe%lCYesEYeDFxfPG5grH5h3I4i3Inj3IUltF_mlHlnrIxoyJIpyJlryJFsTIHtcIIuVGmvCF$vFD$v^pC7h%jA7h%jAfm%XBfmUDfmIEwlxFMkxFAjxF7hpC7h^BCqo%jAqo%jAQt%JCQtJEQtrFwt9GctAGys0HUr0H7r0HlqyGIp5G3pfFLoqEqoBCqo" /><g i="46" c="70" charCode="70" p="%^VxYe$GYe$G7hlA7hlAUl$GUl$G3olA3olA$vVx$v" /><g i="47" c="72" charCode="72" p="%^VJYelMYelM$vVJ$vVJBojABojA$vTx$vTxYejAYejAkmVJkm" /><g i="48" c="119" charCode="119" p="%^CLMk_NMk0JcwiIcw$EnoJBcwZAcw$vMkoyMkjBAraEMkQFMkFIAr" /><g i="49" c="63" charCode="63" p="#^Dxnh%ezIecBNeeCPfgDRggDligDkjSCqktCwl5BDnuz5quz7ruzhrzzDrJyfrmyJq$xbq$xip$xrohyMnAy5nHznlKAJjKACiKAShgAqhOzZg0zZgqyZgDxnh^mBKumBmvVANvtAcwQzcwczcwNyOvnynvnyLuny6uOyGtezdtRzdtuAdtWAFtmB5umBKu" /><g i="50" c="87" charCode="87" p="%^BTYe1WYe8P4wBO4w1JdioD4wRC4w$vYesyYe9DIqTHYecKYeXOIq" /><g i="51" c="98" charCode="98" p="#^uxYe%IzYe%Izzl8BwkNCwkWEwkgG8mDHLnDHhqDH_s$FBuoEcwHBcwBAcwozZvbyKvuxov^IzHn%IzNtRA7u1C7uwD7urE4tnF0snFnqnFIovEFnDDBmeCBm_ABmIzHn" /><g i="52" c="69" charCode="69" p="%^TxYeyHYeyH7hjA7hjAkmjHkmjHwojAwojAOtNHOtNHZvTxZv" /><g i="53" c="68" charCode="68" p="#^VxZv%VxYe%FDYe8HYe9J$fbL1hnM3jAN5lANunANbpWMLqgMjs2LvtOJJu8IkvbHJvnGRvAFZviDZv^oD7h%lA7h%lAOt%tDOtiFOtjGytkHit$HWsGIxseJZr2L8q2Lln2LBkbJTiwIdiDHPhKGohXFgh9F7hoD7h" /><g i="54" c="33" charCode="33" p="#^VAKuVAlvtANv1AcwpzcwLycwiyNvSxmvSxKuSx4uiyEtKybtnzbt1AbttAEtVA4uVAKu^7zHq%Wy3qGykpkyKm$x7k$xji$xKepzKeMAKeMAdiMA6ldA8o%Uz$p%HzJqAz5rmz5rez5r7zHq" /><g i="55" c="65" charCode="65" p="%^iDRe0FReGM$vaK$vVHXqEAXqwy$v$v$v^VGMo9EBiCBMo" /><g i="56" c="8217" charCode="8217" p="#^dxXk%dxskMxWj_xpjdyTifyYhYwxhYwmgYwHfoxdfRxKesyKeczKeGzof9A2g9A4h9AsinzujBywkdxXk" /><g i="57" c="44" charCode="44" p="#^dxYy%dxvyMx_x_xsxdyWwfy$vYwDvYwpuYwLtoxgtRxNssyNsczNsGzrt9A5u9A7v9AuwnzvxByxydxYy" /><g i="58" c="8211" charCode="8211" p="%^OvToJIToJItqOvtq" /><g i="59" c="113" charCode="113" p="#^TCMk%4HMk%4HJB%SEJB%SEPvpDcwpCcw$zcwryBuTw_sTwvqTwTnvykm7AMkTCMk^SEUt%SERm%sDRm0CRmxBZm2B5nHAknkAyn2ATn7zWo7zrq7z9s9AftbBluQClucDlusDiuIDfuxE_t%IEXt" /><g i="60" c="45" charCode="45" p="%^$whp4Dhp4DFr$wFr" /><g i="61" c="48" charCode="48" p="#^lCKeHEKedGchLHFjLHrnLHjrdGLtHEawfCawMzawgyOtMwprMwunMwCjjyahSzKelCKe^mC2h%eC2hQA2h$zNibzvkbzsnbzuq_zcsOAWtdCWtDDWtrEcsgFuqgFxngFzktEPiHD2hmC2h" /><g i="62" c="56" charCode="56" p="#^cxxjcxxhIy8gcAKenCKewEKe_F7gsHvhsHxjsHPllFjnIHGoIHkrIHrt9GQuDEcwhCcwZzcwoyOuPwotPwjrPwIodzjn8yqmGxzlcxHkcxxj^1FBj1FuigEMhvD2hkC2h8B2hnAMhDztiDzAjDzEkqApleB9mmC9mtD9mfEpl1FFk1FBj^eFrr%eFbreF0qoEhpzDxoeCxoWAxo5Ahphz1qhzdrhzos7A8tZAUtjCUtBDUtpEcteFwseFrr" /><g i="63" c="122" charCode="122" p="%^xwMk7GMkaAWt7GWt7G$vhw$vbCRmxwRm" /><g i="64" c="85" charCode="85" p="#^LJYe%cMYe%cMEocMBqVLCrDLCscLhtNKXtaKsu9IcwTEcwyBcwxztuWyXtvyht4yCsOxErxxGqxxCo%xxYe%_zYe%_zDo_z1rxAZr4BVscCutkD2uSE2u1H2uoIVs6JisqJtrLJEqLJDo" /><g i="65" c="71" charCode="71" p="#^5HCn%PMCn%PMQuFJcwzGcwkCcwOzKtgxgrgxEngxPjUzhhwCKetGKeVHKecJ2fvKmftMbg%tMGiqJVgqGVgDDVgIBPiOzJkOzunOzoqIBesDD4uEG4u6I4u8Kpt%nKkt%nKNp%5HNp" /></glyphs></font><font id="30" name="Gill Sans MTBold Charset1_ 5henOnVsV5b"><glyphs><g i="0" c="84" charCode="84" p="%^iNYeiN4i7H4i7H$vTC$vTC4iIw4iIwYe" /><g i="1" c="104" charCode="104" p="#^aBYe%aBam%dBamKCfkTEfkJGfkVHql5JAm5JFo%5J$v%tF$v%tFqptFVmBDVmnCVmaBFo%aB$v%yx$v%yxYe" /><g i="2" c="105" charCode="105" p="#^nxKgnxVfYxkfyyKenzKecAKeNAkfnBVfnBKgnByhNA8icAKinzKiyyKiYx8inxyhnxKg^cBtk%cB$v%Ax$v%Axtk" /><g i="3" c="115" charCode="115" p="#^qF6l%qFGnlDpmABpmgApmgAingAxnyALnQAZnFCIouErpeFoq$Flr$Fts$FguNEfvzDdwiBdw_ydwaxnv%axQsozOtUAOtFCOtFCYsFCDskCls$B3s8AkriyBqCxKpWwSoWwOnWwdmeyelyzfkIBfkMDfkqF6l" /><g i="4" c="32" charCode="32" p="#" /><g i="5" c="101" charCode="101" p="#^LIqs%LIIuGGdwCDdwzAdwKyBuWwZsWwhqWwEnDyYllAfk$CfkFFfkmH2m3JQnYIQq%GAQqNAosNBetNC3utE3uwG3uLIqs^LAWo%LFWosFpmfDpm0BpmLAWo" /><g i="6" c="45" charCode="45" p="%^qDyoqDTrVwTrVwyo" /><g i="7" c="76" charCode="76" p="%^VKTsVK$vVx$vVxYe9CYe9CTs" /><g i="8" c="97" charCode="97" p="#^gJ9t%gJavsHdwTFdw9EdwRDWuYBdw2AdwIydwMxnvQwxuQwptQwVrOx_qMy3qGDCoODGmGBGmmzGmqxCo%qxFlHzfkqCfkiHfkiHLn%iH$siHOtUHOtlIOtgJ9t^GDct%GDqqSB3raBzrvA3svARsvAltRAItbB3uGB3uIC3uGDct" /><g i="9" c="114" charCode="114" p="#^dBtk%dBMn%gBMnRCfkXEfkXFfklHil%lGwo$EFncEFnXCFn4CdpdBMqdB0r%dB$v%Bx$v%Bxtk" /><g i="10" c="110" charCode="110" p="#^7Btk%7B7mJCfkTEfkGGfkTHpl4Jym4JGo%4J$v%sF$v%sF_osFGmFDGmnCGm7BAo%7B$v%vx$v%vxtk" /><g i="11" c="103" charCode="103" p="#^fJtk%fJUm%BHUmaITnaIPoaI9qaHiraGrsdEFsgCSs$B2tKBetKBytKBSt4C2uqCeuMEru6HEu1IGvYIIwYITxYINznHMAPFLBSCLBQzLBgyQAIwWzIwpyIwjwNzuvoy3voyZtoyIsuAds4z_r9y0rfx1qfxGofx0nzyLlUztkpCtk^JCDmQBDmdBenDARnDAJoDAzpfBbqTBOqJCOqADOqbE9qOEvpOEBoOENncEcnCDDmJCDm^1DBzbEBzVEazDFLyDF9yDFUwPCUwxBUwOAfx3ADx3Afy3ABz1DBz" /><g i="12" c="99" charCode="99" p="#^AHRs%AHsvsFdwHDdwEAdwPyBu$wZs$whq$wFnQyYlGAfkwDfkmFfkpH$k%pHInVFXmsEXmQCXmRBRnTAKoTAfqTANrQBJsNCEtkEEtuFEtAHRs" /><g i="13" c="111" charCode="111" p="#^sDfk9Gfk2IRlXJqnXJfqXJ5t0IFu5GdwsDdwAAdwLyzuWwUsWweqWwwnNyUlFAfksDfk^sD3u3G3u3G9q3GpmsDpmcCpmvBonOAnoOAdqOA3usD3u" /><g i="14" c="117" charCode="117" p="#^sF$v%sFmuSDdwKBdwRzdwGy3vvxUtvxRr%vxtk%7Btk%7BBr7BOtXCOtZDOtHE$sqFcsqFPr%qFtk%4Jtk%4J$v" /><g i="15" c="119" charCode="119" p="%^NFXpTCdwaBdwZvtkGztk5CPqGEtkTGtkpJPqRLtkyPtkmKdwDIdw" /><g i="16" c="108" charCode="108" p="%^cBYecB$vAx$vAxYe" /><g i="17" c="160" charCode="160" p="#" /><g i="18" c="102" charCode="102" p="#^EBtk%hDtk%hDYm%EBYm%EB$v%0y$v%0yYm%nwYm%nwtk%0ytk%0yUj0ythnz6gLAKe3DKeDDKegFYe%gFTh7EKhEDKhEBKhEBKj" /><g i="19" c="121" charCode="121" p="%^KItk0BxB9xxBxA6u1wtkVztklCoqXEtk" /><g i="20" c="107" charCode="107" p="%^cBYecBaqfBaqKFtk_JtktFaqaK$vLF$vfBjqcBjqcB$vAx$vAxYe" /><g i="21" c="100" charCode="100" p="#^5JYe%5J$v%tF$v%tF4v4EdwgCdwZzdwqywuTwOsTweqTwBnryWl0AfktCfk_DfktF_k%tFYe^tFRs%tFlnuEGmrDGm4CGmjBDnyAAoyAiqyATriBRs3COtjDOtrEOttFRs" /><g i="22" c="109" charCode="109" p="#^cBtk%cBYl2DfkdFfkbIfkmJImsLfkVNfkVPfk9RtlqSGmqSCo%qS$v%OO$v%OOfpOO1oeOmnGNGmGMGm4LGmOJDo%OJ$v%bG$v%bGapbGZnAFkn_EGmZDGmyCGmcBgo%cB$v%Ax$v%Axtk" /><g i="23" c="112" charCode="112" p="#^2Btk%2BtlvCfklEfkBGfk8IYlIJEnIJ6qIJTs8IyuAGdw0EdwqCdw2Bqv%2BLB%qxLB%qxtk^2BLn%2B2t4COt9DOttEOtfFSs1GVr1Giq1GFojFLnBEQmiDQmcCQm2BLn" /><g i="24" c="118" charCode="118" p="%^mBdw2wtkXztknCQqREtkHItkpDdw" /><g i="25" c="67" charCode="67" p="#^PNOq%PNwuCKdw6HdwzCdwSzJtaxcraxxnaxSj$zihRCKerHKe4LKeCNeg%CN1kvKhiKHhi$EhigDLjyBclyBsnyBJpfDcrYEGsDHGsXIGs9KksoL_rPNOq" /><g i="26" c="80" charCode="80" p="#^4yYe%GFYegIYeNJsgjLYhjL$jjL7mOJEniI9pIF9p%kC9p%kC$v%4y$v^kC4i%kC1m%iE1mXG1mXG3kXGXieGwixF4iQD4i" /><g i="27" c="82" charCode="82" p="#^VxYe%wFYe$HYeyJog5LPh5LSj5LGm9I1osJCoCKarMLKtRM$v%cI$vNH9vKGOsHFqqYELpdE4pnD4p%9C4p%9C$v%Vx$v^9C4i%9CYl%oEYltFYl5GslJGXkJG$jJG4iiE4i" /><g i="28" c="116" charCode="116" p="#^NFtk%NFYm%ABYm%ABIrABzs2C3twCytlDyttEytNFTs%NFvv2EdwqCdwiAdw7z7vYx0uYxUr%YxYm%jwYm%jwfm%7BRg%ABRg%ABtk" /><g i="29" c="63" charCode="63" p="#^Dwji%fxefHyKe9AKe3CKeaDHfhEEghEeihE8jXD7kBD6loCCmcB5oWAPoEAwpEAaq%EAsqEAJquAOqlASqSzSqpzSqdzGq1ztqMyCpwyKowy4owyImGzLkuAojuAIiuArh$yrhUxrhSwji^Mx2uMx9tpyws2zTrYzTrRATruBws7C9t7C2u7CYuuBBvRAdwYzdw2zdwpyBvMxYuMx2u" /><g i="30" c="98" charCode="98" p="#^4BYe%4B7lvCfk2EfkxGfk5IVlGJznGJcqGJRs9IxuFGdwiEdwBCdw4B7v%4B$v%sx$v%sxYe^4Bun%4BQsaCOteDOtwEOtfFQs$FSr$F9q$FuodFAnsEGmaDGmbCGm4Bun" /><g i="31" c="66" charCode="66" p="#^VxYe%hFYeVHYepJdgWKuhWKdjWKrlBIDmlK4nhLfodMqpdM_qdMdtHKCuaJ$vcG$v%Vx$v^9C4i%9CJl%nEJlpFJlZFclyGGkyGTjyG5jZFBipF4inE4i^9CRo%9CTs%yETseGTsZGpsJHXrJHNqJHTp0HmpjGRo7FRo" /><g i="32" c="65" charCode="65" p="%^UHYesP$vUK$vuJEsRBEsAA$v4w$vYCYe^eIFptF1jZCFp" /><g i="33" c="79" charCode="79" p="#^YGKejLKe$NnhIQ$jIQunIQ0rZNDteLdwYGdwCCdwUzEtax2raxunax_jTzmhACKeYGKe^YGGsnJGsRKfrkMPpkMtnkM8lRKJjnJhiYGhiwEhi1DJjyB8lyBtnyBPp1DfrwEGsYGGs" /><g i="34" c="73" charCode="73" p="%^iCYeiC$v2y$v2yYe" /><g i="35" c="33" charCode="33" p="#^uBqhuB8jVAumkAQp6AlqUzRqpzRqUyRqIyqqxy$pVxQmixFjixqhixKepzKeuBKeuBqh^dx2udx9tSxwsvyTrpzTriATrXAwsAB9tAB2uABYuXABviAdwpzdwvydwSxBvdxYudx2u" /></glyphs></font><font id="40" name="Arial Charset1_ 6SlQdsaE7b2"><glyphs><g i="0" c="8226" charCode="8226" p="#^kxenkxYley2l8z8kqA8kIB8kCC2lwDYlwDenwDwoCCqpIBkqqAkq8zkqeyqpkxwokxen" /></glyphs></font><font id="50" name="ArialBold Charset1_ 5sm4FJ6lcIU"><glyphs><g i="0" c="8226" charCode="8226" p="#^0Ean0EGoYCKpVBNqpANqVyNqRxJpOwFoOwanOwGlRxDkVyzjpAzjVBzjYCCk0EFl0Ean" /></glyphs></font><font id="60" name="Calibri LightBold Charset1_ 6JkzJZURALd"><glyphs><g i="0" c="78" charCode="78" p="#^UJ2vUJjvOJwvJJIvzJQvqJYvfJ$v5J2wYI2w%FI2wmI2w7I_vVHVvGHKvsHzvgHiv4H1vQGCu%tB3l2BmkzAwj5AGiPz9i%cA9idA1jdAQjdACkdAul%dAwvdAFv8ANv3AVvWzZvNz1wEz2wvz4wfz4w$y4wRy2wHy1wyyZvqyVvlyNvgyFvgywv%gy0hgytgzyfgTy1gbz1g%Nz1g5A1gkA5gzA8gLAigYArg6BFggBTgsBdh%EFDo4GqppG0qLGCq4HerqHRrJHps1IYslIwt%YHwtXHLsXHGrXHAqXHzp%XHygXHqg$Hig4IagcI6glI2gwI1gHI$fVI$f6J$fhJ1gtJ2gBJ6gKJagPJigUJpgUJyg" /><g i="1" c="79" charCode="79" p="#^dLQndLJpNKgrlKPssJWtAI0veHCvUFcw6EcwkCcw1BEvLz3vWy0u5yZsIxtrjxYpjx5ojxemKxJkaycj3z7iYz1hhBrgDCQfqEQf9GQfrHogKIYgAJ$hqK2jPKxkdL$ldLQn^9JYn9JCmVIslFIhk5IrjxHAiCG6iHFDhiEDhXCDh$B8i3BEitAvjUzlkDzvlnzFmnzYnnzmpCzyqRzJrpAAsZAqtTBVtOCnudEnuCFnuyGStuHlt3ItsEIBrUIqq9Jfp9JYn" /><g i="2" c="63" charCode="63" p="#^GGTjGG_klGTl0GLmpFnnPE_n_DjoaDEopCFo%lCCrlCWr6C2sTBasrBaseBas4B9sWA7sOA3sGA$rBATrxALrxADr%tA1otAMnxAAnCAnnLAfnVA7n5B4niB1nxB1n%RB1nFC1ncDOmLDym4E8mqEKlzEalJECkJE_jJEhjxEJilE8iYDKhADkh$C6hqCTgCBTgWATgoA1hSzbhtznh4zzhOyLhwyWhjyWhayWh2yThWxPhRxHhNxyhLxohJxehJx0hJxMgLxCgOxrgYxig6y8guyXfSyKfmzzfTznfuAgf6B8fKB8f$C8fWDwfSETftFxg4GahnG2iGGViGGTj^MCHuMC0vICivFCAvuCMvkCXv4C$vQB4wvB4w9B4wVA$vFAXvuAMvkAAvgAjvdA2vdAHudAkugA3ujANttACtEArtUAnt9BitvBitPBit3CntkCrtuCCtFCNtIC3uMCluMCHu" /></glyphs></font><font id="70" name="Gill Sans MTBoldItalic Charset1_ 606LC4tMFcz"><glyphs><g i="0" c="70" charCode="70" p="%^gJYeRIQhGCQh7CSlsHSl2HIoIBIoGA$v2x$vszYe" /><g i="1" c="117" charCode="117" p="#^0JEk%pH$v%1E$v%eELutCcwzAcw_ycw6yhvfxlufxLsfxksjxRr%lyEk%JBEk%SAGqLAsrLA0sLAJtMBJt3DJtCE3s%DFEk" /><g i="2" c="110" charCode="110" p="#^KBEk%zBXlrDskqFskVGskHHnluIimuIYnuIropI_o%qH$v%2E$v%$Edp2FXo2FEo2FYm$DYmOCYm9BIo%7A$v%Lw$v%myEk" /><g i="3" c="100" charCode="100" p="#^KJYe%lHSvbFdwrDdwqAdwEyLuSwgtSwNqSw9oMyjmGAskVDskqEskyFAk%lGYe^jElt%8FsnIEonhEontConpBnolAmplAOqlA1s9BLsZBttnDttLDttjElt" /><g i="4" c="114" charCode="114" p="#^zBEk%iBhm%lBkmSCsk6Esk3Fsk7GIl%yEQoKDCnYCCnhCCnCBjoXA$oUAfp%Yz$v%Aw$v%ayEk" /><g i="5" c="97" charCode="97" p="#^1JQk%sH$v%5E$v%eEYuFCdwZAdwfzdw6ySu_wut_wlr_wio6znmfBskcFskbHsk1JQk^zEIs%jFinXEgnAEgnyCgnwBvouAJpuAwruAysWA7tmBIt8CItmDItzEIs" /><g i="6" c="105" charCode="105" p="#^EyvhEyNg9zggGzLfoALf6BLfDBgg8CNg8Cvh8CdiDBKi6BfjoAfjGzfj9zKiEydiEyvh^IBEk%5A$v%Jw$v%jyEk" /><g i="7" c="115" charCode="115" p="#^ZEul%IE9oQDJnTCtnWBcnqBcnGAcnGAInGAco0CcpyDmq_D7rrEUrrEFsrEcufDcv3CcwbAcwfycwhwav%LwFsPystRzstYAstYAQsYAistzbr$x4qzxpp8xKo8x7o8xvmkyulwzskoBsk9DskZEul" /><g i="8" c="101" charCode="101" p="#^HHOq%gAOq8A8sTAXsCBKtSCKtfEKt3HAs%tGpvfEdwxCdwYzdwpyJuTwdtTwIqTw6oGyhmtAsk0DskdFskyGMlTH4nTHdpTH_pHHOq^BARo%zERoBEEoBEqoBEHn8EenIDMmXCMmjBMmBARo" /><g i="9" c="32" charCode="32" p="#" /><g i="10" c="102" charCode="102" p="#^pHjf%1H1iYFuh8FuhVCthHCEk%SEEk%vE8n%iC8n%lA_A%_w_A%Xy8n%Dw8n%_wEk%hzEkEzLh4BfgwCKeHEKe_FKepHjf" /><g i="11" c="111" charCode="111" p="#^qDskUFsktHXl2Jqn2JOp2JwsbHnukFdwBCdwbAdwxyEuTw2tTwLqTwaoOyjmKAskqDsk^DCttVDttJEisyF6ryFIpyFAoWEUniEcngDcnVBcn7BqomADpmAXqmA5s2BNsKBttDCtt" /><g i="12" c="116" charCode="116" p="#^WCfi%sCEk%YEEk%vE8n%0C8n%mBQqgBirgBIrgBcthCctUCcteEws%eEvvLCdwkBdwGzdwJyavNx7uNxtsNxYrTxtr%Gy8n%nw8n%OwEk%5zEk%vzfi" /><g i="13" c="104" charCode="104" p="#^xCYe%xBYlkDskkFskOGskDHkltIcmtIMntIbopIFo%nH$v%$D$v%1FKo6F4oPEEnxEcnZDcnOCcn9BDo%7A$v%Lw$v%9zYe" /><g i="14" c="73" charCode="73" p="%^9DYeLA$v7x$vxzYe" /><g i="15" c="72" charCode="72" p="%^qPYe1N$vpJ$voK3pIB3pJA$v5x$vvzYe7DYeaCIlSKIlOLYe" /></glyphs></font></bwFonts>