﻿<?xml version="1.0" encoding="utf-8"?><meta xmlns:xsi="http://www.w3.org/2001/XMLSchema-instance" xmlns:xsd="http://www.w3.org/2001/XMLSchema"><project id="61Q5wa2HKos" courseid="5dKi11rMZzp_course_id" thumburl="story_content/thumbnail.jpg" title="CPR Refresher Training" datepublished="2019-04-22T12:35:09" version="1.0.0.0" flashdata="story_content/data.swf" html5data="mobile/data.json" mobiledata="mobile/data.gz" enabledownload="true" duration="About 25 seconds" totalaudio="0" totalvideo="0"><description>A refresher course for trained CPR individuals</description><keywords /><slidemeta moniker="slide" monikerplural="slides" viewslides="5" slidecountdescription="5 slides" /><author name="admin" email="" website="" /><application name="Articulate Storyline" version="3.26.18364.0" xmlversion="4.0" /></project></meta>